OBJECTID,CODIGO,COMUNA,BARRIO,NOMBRE_BARRIO,SECTOR,INDICADOR_UR,NOMBRE_COMUNA,SHAPE__Area,SHAPE__Length
1,0310,03,10,Versalles No. 2,1,U,MANRIQUE,193760.779296875,2826.31883676759
2,0305,03,05,El Raizal,1,U,MANRIQUE,271095.772949219,2894.18360093312
3,1422,14,22,La Aguacatala,5,U,EL POBLADO,680221.6015625,3928.87802532696
4,1316,13,16,El Salado,4,U,SAN JAVIER,413012.44140625,4415.13159942844
5,9080,90,80,Suburbano Barro Blanco,9,R,SANTA ELENA,159534.584472656,1788.56107270704
6,1502,15,02,Tenche,6,U,GUAYABAL,226668.057128906,2085.38215515841
7,1011,10,11,Calle Nueva,3,U,LA CANDELARIA,232236.062011719,2292.81593726168
8,1507,15,07,Campo Amor,6,U,GUAYABAL,1054046.77392578,4315.53217620999
9,0905,09,05,Alejandro Echavarría,3,U,BUENOS AIRES,366643.20703125,3907.40826400611
10,1420,14,20,Astorga,5,U,EL POBLADO,228223.463867188,1967.57696533923
11,0104,01,04,Granizal,1,U,POPULAR,232860.697265625,2894.36783169857
12,1303,13,03,Santa Rosa de Lima,4,U,SAN JAVIER,153766.123046875,1975.43084304036
13,1616,16,16,Las Violetas,6,U,BELEN,499184.401855469,5345.90632907206
14,1401,14,01,Barrio Colombia,5,U,EL POBLADO,407604.875488281,2908.58562031956
15,0406,04,06,Universidad de Antioquia,1,U,ARANJUEZ,314876.953125,2284.78723454273
16,1408,14,08,Altos del Poblado,5,U,EL POBLADO,966874.939941406,6069.1885586759
17,1020,10,20,San Diego,3,U,LA CANDELARIA,814054.493164063,5359.73940779087
18,1006,10,06,San Benito,3,U,LA CANDELARIA,498223.41796875,3286.91360814133
19,0806,08,06,Llanaditas,3,U,VILLA HERMOSA,269502.963867188,3827.56423992277
20,0611,06,11,El Progreso No.2,2,U,DOCE DE OCTUBRE,122644.448730469,1719.68049276598
21,6007,60,07,El Llano,7,R,SAN CRISTOBAL,205386.17578125,2155.27520175727
22,9087,90,87,Suburbano Matasano 3,9,R,SANTA ELENA,81924.4721679688,1236.51108343938
23,1305,13,05,Metropolitano,4,U,SAN JAVIER,101866.863769531,1537.70024113012
24,0701,07,01,Universidad Nacional,2,U,ROBLEDO,490437.147949219,2838.15246991333
25,0510,05,10,Tricentenario,2,U,CASTILLA,421343.229492188,2922.0086897556
26,1511,15,11,La Colina,6,U,GUAYABAL,689537.432617188,4825.0142390457
27,1113,11,13,El Estadio,4,U,LAURELES,365142.314453125,2636.13687840926
28,8098,80,98,Área de Expansión San Antonio de Prado,8,R,SAN ANTONIO DE PRADO,922435.177246094,6913.00721894333
29,1604,16,04,Granada,6,U,BELEN,182421.554199219,1900.42112855739
30,1104,11,04,San Joaquín,4,U,LAURELES,334344.251953125,2467.2457410507
31,6089,60,89,Suburbano Pedregal alto,7,R,SAN CRISTOBAL,189628.373046875,2846.78218224557
32,1417,14,17,La Florida,5,U,EL POBLADO,784126.415039063,4150.20543905825
33,0909,09,09,Cataluña,3,U,BUENOS AIRES,429522.440429688,3229.3561338638
34,0416,04,16,Jardín Botánico,1,U,ARANJUEZ,162931,1648.6643648819
35,0201,02,01,La Isla,1,U,SANTA CRUZ,226826.842285156,3249.58132903677
36,5007,50,07,La Urquita,7,R,PALMITAS,5398953.39160156,21559.1270227321
37,8001,80,01,El Vergel,8,R,SAN ANTONIO DE PRADO,364411.106445313,3078.78506107731
38,1418,14,18,El Poblado,5,U,EL POBLADO,261488.076171875,2709.85973810754
39,9013,90,13,Barro Blanco,9,R,SANTA ELENA,4621362.61523438,13257.0676685715
40,0812,08,12,La Libertad,3,U,VILLA HERMOSA,305867.309082031,3027.13040129462
41,0205,02,05,La Francia,1,U,SANTA CRUZ,294434.909667969,3595.97155177202
42,0808,08,08,Enciso,3,U,VILLA HERMOSA,341635.150390625,3514.96879036885
43,5088,50,88,Suburbano La Aldea,7,R,PALMITAS,656795.462890625,4327.15961872557
44,0110,01,10,La Esperanza No. 2,1,U,POPULAR,68382.705078125,1303.05049653355
45,1109,11,09,Las Acacias,4,U,LAURELES,348944.299316406,2739.45245552634
46,7084,70,84,Buga Patio Bonito,8,R,ALTAVISTA,148096.692871094,3510.13197597851
47,0109,01,09,Aldea Pablo VI,1,U,POPULAR,56606.2465820313,1562.25653509818
48,1504,15,04,Santa Fé,6,U,GUAYABAL,1060672.81689453,5812.97040889947
49,1019,10,19,La Candelaria,3,U,LA CANDELARIA,661011.169433594,3645.51118944844
50,0710,07,10,López de Mesa,2,U,ROBLEDO,195769.5234375,2168.95620895778
51,0407,04,07,Sevilla,1,U,ARANJUEZ,276493.65625,2042.38672048728
52,7086,70,86,Suburbano Aguas Frias,8,R,ALTAVISTA,2803.8046875,259.94729414714
53,0313,03,13,María Cano Carambolas,1,U,MANRIQUE,281799.072753906,3354.72512908186
54,9078,90,78,Suburbano El Cerro,9,R,SANTA ELENA,201376.0859375,3359.71687565226
55,0312,03,12,Oriente,1,U,MANRIQUE,491107.129882813,3593.20482780455
56,1503,15,03,Trinidad,6,U,GUAYABAL,680032.088867188,4521.43461278182
57,9081,90,81,Suburbano El Placer,9,R,SANTA ELENA,1064115.47949219,4879.63239806589
58,9007,90,07,El Placer,9,R,SANTA ELENA,982405.94921875,6294.9624312549
59,6009,60,09,Pedregal Alto,7,R,SAN CRISTOBAL,3591541.61425781,14883.0230752076
60,1603,16,03,Belén,6,U,BELEN,554980.223632813,4480.63142688611
61,0503,05,03,Florencia,2,U,CASTILLA,274914.161621094,2435.2849988384
62,0712,07,12,Aures No. 2,2,U,ROBLEDO,460099.395507813,3709.96467470306
63,1416,14,16,Alejandría,5,U,EL POBLADO,439211.375488281,2807.20230276459
64,0112,01,12,Carpinelo,1,U,POPULAR,397020.654296875,3629.05186506539
65,1102,11,02,Suramericana,4,U,LAURELES,496105.321289063,3198.95622146381
66,0901,09,01,Juan Pablo II,3,U,BUENOS AIRES,77512.7397460938,2043.86490618815
67,1211,12,11,Simón Bolívar,4,U,LA AMERICA,355698.384765625,2695.22234405096
68,0604,06,04,Pedregal,2,U,DOCE DE OCTUBRE,591645.978515625,3652.87723981569
69,0506,05,06,Plaza de Ferias,2,U,CASTILLA,357083.606445313,2622.07877363188
70,0412,04,12,La Piñuela,1,U,ARANJUEZ,214538.591796875,2396.62022954882
71,7089,70,89,San Jose Del Manzanillo,8,R,ALTAVISTA,258288.56640625,4131.76200071362
72,7001,70,01,Altavista Sector Central,8,R,ALTAVISTA,13521084.3095703,39041.1515456128
73,0209,02,09,Moscú No. 1,1,U,SANTA CRUZ,160444.048339844,2123.32365762915
74,1004,10,04,El Chagualo,3,U,LA CANDELARIA,374487.129882813,2557.61575252214
75,1614,16,14,La Palma,6,U,BELEN,329744.968261719,2533.10116546587
76,0410,04,10,Campo Valdés No. 1,1,U,ARANJUEZ,377997.554199219,2718.79826528095
77,1315,13,15,Nuevos Conquistadores,4,U,SAN JAVIER,236180.050292969,2976.98036779487
78,6008,60,08,Travesías,7,R,SAN CRISTOBAL,361150.985351563,3752.34891745048
79,1007,10,07,Guayaquil,3,U,LA CANDELARIA,327116.556640625,2674.68309801156
80,1205,12,05,La Floresta,4,U,LA AMERICA,407553.005371094,2527.94603156469
81,1012,10,12,Perpetuo Socorro,3,U,LA CANDELARIA,654250.706542969,3755.34984779843
82,0811,08,11,Trece de Noviembre,3,U,VILLA HERMOSA,174519.854980469,2951.99627094761
83,0103,01,03,Popular,1,U,POPULAR,451532.40625,4467.83132065574
84,0803,08,03,San Miguel,3,U,VILLA HERMOSA,379392.98046875,3068.47888097442
85,5089,50,89,Suburbano Palmitas,7,R,PALMITAS,111077.435546875,2490.42237648192
86,9011,90,11,Piedras Blancas Represa,9,R,SANTA ELENA,15551815.5356445,29062.5680663392
87,9089,90,89,Suburbano Matasano 1,9,R,SANTA ELENA,389315.650878906,3844.61284886458
88,9088,90,88,Suburbano Matasano 2,9,R,SANTA ELENA,78491.4155273438,2094.32854171284
89,1411,14,11,Los Balsos No.1,5,U,EL POBLADO,1452895.83447266,6239.15547700353
90,1018,10,18,Villa Nueva,3,U,LA CANDELARIA,315313.736816406,2389.3230115936
91,9001,90,01,El Cerro,9,R,SANTA ELENA,2321750.16308594,10773.4695219037
92,1602,16,02,Rosales,6,U,BELEN,631663.548828125,3681.04171750844
93,1620,16,20,El Nogal-Los Almendros,6,U,BELEN,233656.735839844,3039.22742454832
94,0711,07,11,El Diamante,2,U,ROBLEDO,384734.029785156,2736.50518145018
95,1110,11,10,La Castellana,4,U,LAURELES,600744.870605469,3783.32837075434
96,8002,80,02,La Florida,8,R,SAN ANTONIO DE PRADO,3962862.93603516,12285.4484235516
97,0609,06,09,Picachito,2,U,DOCE DE OCTUBRE,123222.417480469,2064.24144732017
98,0307,03,07,Manrique Central No. 2,1,U,MANRIQUE,194871.782226563,2278.67063540603
99,6003,60,03,Las Playas,7,R,SAN CRISTOBAL,2374285.21142578,10435.0993841311
100,5087,50,87,Suburbano Potrera Miserenga,7,R,PALMITAS,1133245.13818359,10891.6382783266
101,0508,05,08,Belalcázar,2,U,CASTILLA,165523.12890625,1890.445510023
102,1415,14,15,Los Balsos No.2,5,U,EL POBLADO,496033.510253906,2982.01808015276
103,5005,50,05,La Aldea,7,R,PALMITAS,761789.310546875,6959.92758923732
104,0301,03,01,La Salle,1,U,MANRIQUE,409290.565429688,4322.84358467917
105,6087,60,87,Suburbano Travesias,7,R,SAN CRISTOBAL,1482838.546875,7784.73073005877
106,0804,08,04,La Ladera,3,U,VILLA HERMOSA,578968.393066406,4688.65906387487
107,1419,14,19,Manila,5,U,EL POBLADO,285018.34765625,2591.19443020867
108,0513,05,13,Francisco Antonio Zea,2,U,CASTILLA,226557.920898438,2462.27075195677
109,0916,09,16,Asomadera No. 3,3,U,BUENOS AIRES,164904.652832031,2467.41730930849
110,0917,09,17,Ocho de Marzo,3,U,BUENOS AIRES,57636.25,1664.64912583666
111,5086,50,86,Suburbano Urquita,7,R,PALMITAS,381627.965332031,4956.96989893496
112,0716,07,16,Palenque,2,U,ROBLEDO,347785.59765625,3966.14597465392
113,1114,11,14,Los Colores,4,U,LAURELES,558044.923828125,4045.82585751958
114,1621,16,21,Cerro Nutibara,6,U,BELEN,544460.021972656,3144.05927379519
115,0403,04,03,Palermo,1,U,ARANJUEZ,217837.833007813,2789.18483247524
116,9005,90,05,Media Luna,9,R,SANTA ELENA,11324360.1987305,21212.0898713223
117,0519,05,19,El Progreso,2,U,CASTILLA,415529.541015625,2742.56374326969
118,1015,10,15,Bomboná No. 1,3,U,LA CANDELARIA,211107.762207031,2005.14765148926
119,0414,04,14,Brasilia,1,U,ARANJUEZ,333312.328613281,2717.34887271678
120,1106,11,06,U.P.B.,4,U,LAURELES,220041.380371094,1867.39490167705
121,0704,07,04,Facultad Veterinaria y Zootecnia U.de.A.,2,U,ROBLEDO,99570.494140625,1565.76507246262
122,0514,05,14,Alfonso López,2,U,CASTILLA,374750.981933594,3391.3473812948
123,1212,12,12,Santa Teresita,4,U,LA AMERICA,429327.65625,3089.47937186764
124,0211,02,11,La Rosa,1,U,SANTA CRUZ,161022.351074219,2017.04013342087
125,0606,06,06,San Martín de Porres,2,U,DOCE DE OCTUBRE,291948.118164063,2612.55708521455
126,1206,12,06,Santa Lucía,4,U,LA AMERICA,284648.97265625,3164.41593937392
127,8089,80,89,Suburbano Potrerito,8,R,SAN ANTONIO DE PRADO,259046.096191406,3086.71004968094
128,0111,01,11,La Avanzada,1,U,POPULAR,277842.447265625,3279.15500813844
129,0102,01,02,Santo Domingo Savio No. 2,1,U,POPULAR,267945.791015625,2904.09117231362
130,1606,16,06,Las Playas,6,U,BELEN,361331.617675781,2647.96475922165
131,0206,02,06,Andalucía,1,U,SANTA CRUZ,276228.849609375,3537.62073175494
132,8005,80,05,La Verde ,8,R,SAN ANTONIO DE PRADO,6420673.49658203,12680.0058260279
133,1601,16,01,Fátima,6,U,BELEN,442337.833984375,2715.23296115451
134,6084,60,84,Suburbano La Loma,7,R,SAN CRISTOBAL,1867112.13574219,8524.50793435224
135,6010,60,10,Pedregal Bajo,7,R,SAN CRISTOBAL,252710.923339844,2631.87200634151
136,1406,14,06,Las Lomas No.1,5,U,EL POBLADO,492453.819824219,3011.20038816914
137,0413,04,13,Aranjuez,1,U,ARANJUEZ,374896.444824219,3137.06812957334
138,1608,16,08,La mota,6,U,BELEN,479369.202148438,4532.55888953207
139,6017,60,17,La Loma Oriental,7,R,SAN CRISTOBAL,1111878.34960938,6063.42751824397
140,1111,11,11,Lorena,4,U,LAURELES,418001.630859375,3358.13839638093
141,0208,02,08,Villa Niza,1,U,SANTA CRUZ,148092.328613281,1725.68030467776
142,0202,02,02,Playón de Los Comuneros,1,U,SANTA CRUZ,208649.975097656,3574.96832601725
143,1112,11,12,El Velódromo,4,U,LAURELES,372569.366699219,3006.73972403112
144,1619,16,19,Miravalle,6,U,BELEN,165754.358886719,1890.84051389794
145,0303,03,03,Campo Valdés No. 2,1,U,MANRIQUE,396462.069335938,3142.63546647031
146,1301,13,01,El Pesebre,4,U,SAN JAVIER,302553.199707031,3621.79855658481
147,0512,05,12,Oleoducto,2,U,CASTILLA,288043.510742188,2679.31593676084
148,1017,10,17,Los Ángeles,3,U,LA CANDELARIA,240910.251953125,2484.8745272171
149,0411,04,11,Las Esmeraldas,1,U,ARANJUEZ,155981.815917969,2204.57303053986
150,6005,60,05,Naranjal,7,R,SAN CRISTOBAL,1528671.03173828,8038.89127461912
151,7083,70,83,La Esperanza,8,R,ALTAVISTA,116660.690429688,1852.18746452264
152,0724,07,24,Monteclaro,2,U,ROBLEDO,462092.617675781,3570.440266202
153,6004,60,04,El Uvito,7,R,SAN CRISTOBAL,785614.974609375,5309.24145289106
154,1208,12,08,Campo Alegre,4,U,LA AMERICA,422815.526855469,4877.09722830229
155,1509,15,09,Cristo Rey,6,U,GUAYABAL,781709.59765625,4273.17104652876
156,0904,09,04,Los Cerros El Vergel,3,U,BUENOS AIRES,319988.435058594,2819.69754699878
157,0302,03,02,Las Granjas,1,U,MANRIQUE,636886.641113281,3958.15056436387
158,1405,14,05,Lalinde,5,U,EL POBLADO,237359.603027344,2324.6915145805
159,0802,08,02,La Mansión,3,U,VILLA HERMOSA,281637.281738281,2519.18516891297
160,0707,07,07,Bosques de San Pablo,2,U,ROBLEDO,267191.153808594,3039.15334897878
161,1317,13,17,Eduardo Santos,4,U,SAN JAVIER,154094.328125,3377.2924911142
162,5006,50,06,Potrera Miserenga,7,R,PALMITAS,6464246.68603516,23700.2903000098
163,6000,60,00,Cabecera Urbana San Cristobal,7,U,SAN CRISTOBAL,801194.53515625,7262.71805453402
164,0515,05,15,Cementerio Universal,2,U,CASTILLA,96782.3676757813,1479.47604356204
165,0715,07,15,Villa Flora,2,U,ROBLEDO,256365.734863281,2162.2243572188
166,0815,08,15,Las Estancias,3,U,VILLA HERMOSA,317836.126464844,4026.50816515527
167,1116,11,16,U.D. Atanasio Girardot,4,U,LAURELES,430482.743652344,3379.14106662592
168,0502,05,02,Las Brisas,2,U,CASTILLA,412673.215332031,3832.92624536929
169,1615,16,15,Los Alpes,6,U,BELEN,283388.268066406,2444.8088075075
170,0915,09,15,Asomadera No. 2,3,U,BUENOS AIRES,664313.805175781,4312.65954299964
171,1610,16,10,El Rincón,6,U,BELEN,657568.455078125,4714.33048219079
172,0702,07,02,B. Cerro  El Volador,2,U,ROBLEDO,1187210.95166016,5285.2763889333
173,0908,09,08,Miraflores,3,U,BUENOS AIRES,300456.217773438,2604.6432698532
174,0415,04,15,Miranda,1,U,ARANJUEZ,235735.58984375,2491.45244106421
175,9003,90,03,El Plan,9,R,SANTA ELENA,1576777.47851563,14586.4332157559
176,9006,90,06,Santa Elena Sector Central,9,R,SANTA ELENA,4027820.72509766,21345.3653965649
177,8004,80,04,La Oculta,8,R,SAN ANTONIO DE PRADO,3923381.45166016,16698.1812262093
178,9004,90,04,Las Palmas,9,R,SANTA ELENA,12529233.4633789,32462.4673520416
179,9082,90,82,Suburbano Chacaltaya,9,R,SANTA ELENA,436866.247070313,4556.59461310001
180,9012,90,12,Piedra Gorda,9,R,SANTA ELENA,2872601.52929688,11422.7343326345
181,0304,03,04,Santa Inés,1,U,MANRIQUE,295114.158203125,2940.56433006345
182,6011,60,11,Pajarito,7,R,SAN CRISTOBAL,63882.423828125,1578.00747584657
183,0607,06,07,Kennedy,2,U,DOCE DE OCTUBRE,499943.0625,3215.75928283611
184,1311,13,11,Belencito,4,U,SAN JAVIER,392683.635742188,3200.91364630633
185,1611,16,11,Loma de los Bernal,6,U,BELEN,482057.404296875,3802.76846919665
186,0713,07,13,Aures No.1,2,U,ROBLEDO,723692.248535156,4368.18097865104
187,1613,16,13,Altavista,6,U,BELEN,399876.45703125,5216.98698483314
188,1308,13,08,San Javier No.2,4,U,SAN JAVIER,159576.396972656,1875.80080896888
189,7097,70,97,Area De Expansion Belen Rincon,8,,ALTAVISTA,409020.83984375,4593.74954642889
190,1410,14,10,Los Naranjos,5,U,EL POBLADO,961983.790039063,5534.93968060266
191,6097,60,97,Area de Expansion Altos de Calasanz,7,R,SAN CRISTOBAL,763050.997070313,4531.8317293253
192,1423,14,23,Santa María de los Ángeles,5,U,EL POBLADO,556074.566894531,3309.00767017991
193,1407,14,07,Las Lomas No.2,5,U,EL POBLADO,338251.537109375,2776.03723555539
194,1412,14,12,San Lucas,5,U,EL POBLADO,1215029.27734375,5724.083165105
195,0315,03,15,San José la Cima No.2,1,U,MANRIQUE,152861.794433594,1870.79229058484
196,0902,09,02,Barrio de Jesús,3,U,BUENOS AIRES,459319.105957031,3656.16999312484
197,1107,11,07,Bolivariana,4,U,LAURELES,326826.955566406,2825.44507055972
198,0810,08,10,El Pinal,3,U,VILLA HERMOSA,412031.843261719,3578.4345771797
199,0608,06,08,Picacho,2,U,DOCE DE OCTUBRE,517375.741210938,4428.92362733963
200,0819,08,19,Villa Liliam,3,U,VILLA HERMOSA,154766.791992188,2172.74221273291
201,6085,60,85,Suburbano La Palma-El Patio,7,R,SAN CRISTOBAL,1606139.69287109,11142.1414580216
202,1210,12,10,Barrio Cristóbal,4,U,LA AMERICA,166460.865722656,1932.32658186668
203,1005,10,05,Estación Villa,3,U,LA CANDELARIA,198600.634277344,1982.28479259468
204,0720,07,20,Santa Margarita,2,U,ROBLEDO,522266.625976563,4198.3940992225
205,0203,02,03,Pablo VI,1,U,SANTA CRUZ,81872.599609375,1703.68162872864
206,1009,10,09,La Alpujarra,3,U,LA CANDELARIA,319909.157226563,2538.87382605157
207,6001,60,01,La Loma,7,R,SAN CRISTOBAL,8109737.90136719,21730.5428211663
208,0814,08,14,San Antonio,3,U,VILLA HERMOSA,160244.347167969,2941.19880408458
209,0610,06,10,Mirador del Doce,2,U,DOCE DE OCTUBRE,61649.4194335938,1313.2783754514
210,7098,70,98,Area De Expansion El Noral,8,,ALTAVISTA,132442.013183594,2519.98571479472
211,1605,16,05,San Bernardo,6,U,BELEN,596090.590820313,3704.14625803681
212,0314,03,14,San José la Cima No. 1,1,U,MANRIQUE,163566.679199219,2194.17008199345
213,0306,03,06,El Pomar,1,U,MANRIQUE,177965.745117188,2185.26439535159
214,0723,07,23,Pajarito,2,U,ROBLEDO,237505.107421875,3154.24993168933
215,5002,50,02,La Frisola,7,R,PALMITAS,16971090.1191406,29075.5501547564
216,5003,50,03,Volcana Guayabal,7,R,PALMITAS,9455471.36181641,15384.9576810434
217,5004,50,04,Palmitas Sector Central,7,R,PALMITAS,6170088.54345703,18228.2060867338
218,0108,01,08,El Compromiso,1,U,POPULAR,89818.6801757813,1776.79502077902
219,1010,10,10,Centro Administrativo,3,U,LA CANDELARIA,140050.619140625,1521.74996158212
220,0504,05,04,Tejelo,2,U,CASTILLA,434306.2578125,3561.66316567453
221,1105,11,05,Los Conquistadores,4,U,LAURELES,695378.345703125,3821.07881250681
222,1313,13,13,El Corazón,4,U,SAN JAVIER,219405.567871094,3327.43925549611
223,6016,60,16,Boqueron,7,R,SAN CRISTOBAL,6176499.15429688,12762.7388721634
224,1016,10,16,Boston,3,U,LA CANDELARIA,545350.031738281,3149.44420595438
225,0817,08,17,La Sierra,3,U,VILLA HERMOSA,223310.737304688,2538.05529762204
226,1501,15,01,El Rodeo,6,U,GUAYABAL,795934.05859375,3986.79327273012
227,7088,70,88,El Corazon El Morro ,8,R,ALTAVISTA,427929.413085938,7368.86040694483
228,0404,04,04,Bermejal-Los Alamos,1,U,ARANJUEZ,162961.342285156,2043.06792163667
229,7002,70,02,Aguas Frias,8,R,ALTAVISTA,13323138.3061523,32885.4048312039
230,7085,70,85,San Pablo,8,R,ALTAVISTA,430372.146484375,5308.17156073205
231,0401,04,01,Berlin,1,U,ARANJUEZ,315339.621582031,2481.26935201443
232,0402,04,02,San Isidro,1,U,ARANJUEZ,431473.756835938,3149.11950788366
233,0807,08,07,Los Mangos,3,U,VILLA HERMOSA,482320.992675781,3544.80761296535
234,0903,09,03,Bomboná No. 2,3,U,BUENOS AIRES,676949.037597656,4333.7782232245
235,8007,80,07,El Astillero,8,R,SAN ANTONIO DE PRADO,17416174.3535156,26772.7452663921
236,1413,14,13,El Diamante No. 2,5,U,EL POBLADO,770000.161132813,4682.33780156135
237,1318,13,18,Antonio Nariño,4,U,SAN JAVIER,442365.308105469,4428.96482764026
238,1202,12,02,Calasanz,4,U,LA AMERICA,319566.924316406,2384.65045958859
239,9086,90,86,SUBURB El Plan,9,R,SANTA ELENA,2064990.51708984,12430.6408463456
240,0719,07,19,Fuente Clara,2,U,ROBLEDO,207906.400390625,2534.65361070903
241,0605,06,05,La Esperanza,2,U,DOCE DE OCTUBRE,412125.606933594,2753.99671812591
242,9077,90,77,Suburbano el Tesoro,9,R,SANTA ELENA,635815.474121094,5409.07377710642
243,9002,90,02,El Llano SE,9,R,SANTA ELENA,1240079.00390625,6108.28256591827
244,1002,10,02,Hospital San Vicente de Paúl,3,U,LA CANDELARIA,86992.9760742188,1235.73349472442
245,0725,07,25,Nueva Villa de la Iguaná,2,U,ROBLEDO,88620.078125,2875.45808134105
246,0912,09,12,El Salvador,3,U,BUENOS AIRES,362199.362304688,3402.00001897086
247,0405,04,05,Moravia,1,U,ARANJUEZ,499781.182617188,4007.04426810797
248,0601,06,01,Santander,2,U,DOCE DE OCTUBRE,417537.218261719,3477.64094031472
249,0718,07,18,Cucaracho,2,U,ROBLEDO,651637.071777344,4855.85782883586
250,1607,16,07,Diego Echavarría,6,U,BELEN,316251.645019531,2638.81181625623
251,5001,50,01,La Suiza,7,R,PALMITAS,11346921.09375,26058.2725589918
252,7096,70,96,Area De Expansion Altavista,8,,ALTAVISTA,133426.698242188,3477.37948616798
253,1312,13,12,Betania,4,U,SAN JAVIER,399009.644042969,3977.9628147906
254,1309,13,09,San Javier No.1,4,U,SAN JAVIER,231236.360351563,2364.32509071125
255,1319,13,19,El Socorro,4,U,SAN JAVIER,167198.375976563,2722.89693615671
256,1203,12,03,Los Pinos,4,U,LA AMERICA,240107.583496094,2110.14100169679
257,1101,11,01,Carlos E. Restrepo,4,U,LAURELES,468046.216308594,3434.46947621599
258,0705,07,05,Facultad de Minas U. Nacional,2,U,ROBLEDO,306983.138183594,2654.98844382479
259,1204,12,04,La América,4,U,LA AMERICA,364138.873535156,3368.43482787479
260,0914,09,14,Asomadera No. 1,3,U,BUENOS AIRES,582919.827636719,3816.06073794658
261,0722,07,22,Olaya Herrera,2,U,ROBLEDO,524563.862304688,4160.13338880782
262,0706,07,06,La Pilarica,2,U,ROBLEDO,310881.139160156,3227.3665573914
263,1117,11,17,Florida Nueva,4,U,LAURELES,253659.905761719,2152.16427486985
264,1510,15,10,Guayabal,6,U,GUAYABAL,760860.385742188,4184.42745017471
265,1103,11,03,Naranjal,4,U,LAURELES,455227.866699219,2946.63482524193
266,0417,04,17,Parque Norte,1,U,ARANJUEZ,292910.873535156,2254.62883285297
267,1213,12,13,Calasanz Parte Alta,4,U,LA AMERICA,502734.881347656,3453.09973779535
268,0107,01,07,San Pablo,1,U,POPULAR,217206.315429688,2678.68053140617
269,0801,08,01,Villa Hermosa,3,U,VILLA HERMOSA,402019.034179688,3086.35055140755
270,0910,09,10,La Milagrosa,3,U,BUENOS AIRES,214503.619140625,2150.85555390966
271,6086,60,86,Suburbano La Cuchilla,7,R,SAN CRISTOBAL,407796.832519531,4521.22218890659
272,1001,10,01,Prado,3,U,LA CANDELARIA,627433.877929688,3441.33071285677
273,0603,06,03,Doce de Octubre No.2,2,U,DOCE DE OCTUBRE,405215.851074219,3506.72221034581
274,1310,13,10,Veinte de Julio,4,U,SAN JAVIER,384817.863769531,3689.24013616338
275,1302,13,02,Blanquizal,4,U,SAN JAVIER,166093.625,2111.97467558236
276,8008,80,08,Yarumalito,8,R,SAN ANTONIO DE PRADO,15093408.737793,26083.7213374162
277,1201,12,01,Ferrini,4,U,LA AMERICA,209957.430664063,2074.29815531318
278,0106,01,06,Villa Guadalupe,1,U,POPULAR,239035.073730469,2650.23202612246
279,0906,09,06,Barrio Caicedo,3,U,BUENOS AIRES,214247.349609375,2500.38633951326
280,1421,14,21,Patio Bonito,5,U,EL POBLADO,697627.051757813,4532.22133348585
281,1404,14,04,Castropol,5,U,EL POBLADO,616706.205078125,4031.38352116117
282,0309,03,09,Versalles No. 1,1,U,MANRIQUE,366311.385253906,2931.18030921268
283,1506,15,06,Parque Juan Pablo II,6,U,GUAYABAL,1419098.61279297,6900.3935650707
284,8000,80,00,Cabecera San Antonio de Prado,8,U,SAN ANTONIO DE PRADO,3902609.95947266,15191.5643160306
285,0511,05,11,Castilla,2,U,CASTILLA,569671.122558594,3223.34171456008
286,0516,05,16,Terminal de Transporte,2,U,CASTILLA,288242.076171875,2627.58093490792
287,6002,60,02,La Palma-El Patio,7,R,SAN CRISTOBAL,5456405.62255859,12466.3912375008
288,6098,60,98,Área de Expansión Pajarito,7,,SAN CRISTOBAL,2447350.29199219,9930.05059403808
289,1013,10,13,Barrio Colón,3,U,LA CANDELARIA,365537.200195313,3379.49454383993
290,0517,05,17,Caribe,2,U,CASTILLA,550705.336425781,3367.31977484444
291,0101,01,01,Santo Domingo Savio No. 1,1,U,POPULAR,571430.361816406,3717.92153621784
292,0714,07,14,Bello Horizonte,2,U,ROBLEDO,186981.072753906,2100.70667784582
293,0409,04,09,Manrique Central No. 1,1,U,ARANJUEZ,362390.094238281,2706.64861857008
294,6006,60,06,La Cuchilla,7,R,SAN CRISTOBAL,600926.275878906,5473.8426722526
295,1612,16,12,La Gloria,6,U,BELEN,624583.371582031,3798.21018873995
296,0105,01,05,Moscú No. 2,1,U,POPULAR,312338.541015625,2742.63504953092
297,0204,02,04,La Frontera,1,U,SANTA CRUZ,161373.489746094,1979.82688118002
298,1003,10,03,Jesús Nazareno,3,U,LA CANDELARIA,310705.254394531,2653.01054936048
299,0207,02,07,Villa del Socorro,1,U,SANTA CRUZ,270506.573242188,3128.86596649519
300,0813,08,13,Villatina,3,U,VILLA HERMOSA,415007.398925781,4711.45094634826
301,0210,02,10,Santa Cruz,1,U,SANTA CRUZ,265163.020996094,2651.6090970812
302,0708,07,08,Altamira,2,U,ROBLEDO,376658.543457031,2920.51125181782
303,1108,11,08,Laureles,4,U,LAURELES,721475.017578125,3959.0679266182
304,7087,70,87,Suburbano Altavista,8,R,ALTAVISTA,239058.441894531,5019.19668004542
305,1314,13,14,Las Independencias,4,U,SAN JAVIER,248063.749511719,2306.49399245748
306,0311,03,11,La Cruz,1,U,MANRIQUE,540244.131835938,3624.13173220596
307,0507,05,07,Héctor Abad Gómez,2,U,CASTILLA,245458.8125,3508.37003846259
308,9008,90,08,Piedras Blancas,9,R,SANTA ELENA,11966430.8564453,28512.5233249443
309,1307,13,07,Juan XXIII La Quiebra,4,U,SAN JAVIER,376465.252929688,3029.27492792968
310,9085,90,85,Suburbano El Llano,9,R,SANTA ELENA,571075.331542969,6584.46674200559
311,9084,90,84,Suburbano Santa Elena Central,9,R,SANTA ELENA,378372.391113281,4447.82726021687
312,9079,90,79,Suburbano Piedra Gorda,9,R,SANTA ELENA,164564.24609375,2146.73942626457
313,0602,06,02,Doce de Octubre No.1,2,U,DOCE DE OCTUBRE,452439.901367188,3264.71366564145
314,6013,60,13,El Carmelo,7,R,SAN CRISTOBAL,1356651.43896484,6702.61676286629
315,6014,60,14,Yolombo,7,R,SAN CRISTOBAL,4720926.24316406,10188.5531241576
316,0805,08,05,Batallón Girardot,3,U,VILLA HERMOSA,206279.599609375,2495.59530345727
317,1115,11,15,Cuarta Brigada,4,U,LAURELES,359731.9296875,2927.15818538695
318,1304,13,04,Los Alcázares,4,U,SAN JAVIER,276432.599609375,2854.52143585251
319,1306,13,06,La Pradera,4,U,SAN JAVIER,364112.399414063,3019.43648074848
320,6015,60,15,San José de la Montaña,7,R,SAN CRISTOBAL,6160304.81005859,16038.6429895732
321,1409,14,09,El Tesoro,5,U,EL POBLADO,1176706.09472656,5995.92164564566
322,6012,60,12,El Picacho,7,R,SAN CRISTOBAL,2623655.19042969,11357.6321646902
323,0612,06,12,El Triunfo,2,U,DOCE DE OCTUBRE,91543.4736328125,2050.12353936877
324,0913,09,13,Loreto,3,U,BUENOS AIRES,643335.325683594,3997.7938621271
325,9083,90,83,Suburbano Mirador del Poblado,9,R,SANTA ELENA,788973.646972656,4954.57511978659
326,0505,05,05,Boyacá,2,U,CASTILLA,255060.063476563,2293.30487820937
327,0709,07,09,Córdoba,2,U,ROBLEDO,237059.915527344,2707.49914800855
328,0907,09,07,Buenos Aires,3,U,BUENOS AIRES,298484.52734375,2377.59220445945
329,1209,12,09,Santa Mónica,4,U,LA AMERICA,334695.502441406,2704.49716506021
330,8003,80,03,Potrerito,8,R,SAN ANTONIO DE PRADO,2891607.26660156,14828.6614807041
331,0816,08,16,Villa Turbay,3,U,VILLA HERMOSA,208407.11328125,2304.67838935632
332,1207,12,07,El Danubio,4,U,LA AMERICA,181065.044921875,2333.84680201066
333,1008,10,08,Corazón de Jesús,3,U,LA CANDELARIA,336208.141113281,2417.08945064502
334,1617,16,17,Las Mercedes,6,U,BELEN,379132.704589844,3418.99192186064
335,1414,14,14,El Castillo,5,U,EL POBLADO,735552.928222656,3790.70572906139
336,0809,08,09,Sucre,3,U,VILLA HERMOSA,360673.829589844,2921.0896796722
337,0501,05,01,Toscana,2,U,CASTILLA,275875.841796875,3426.84276623239
338,0703,07,03,San Germán,2,U,ROBLEDO,436003.850097656,3847.98437349863
339,0408,04,08,San Pedro,1,U,ARANJUEZ,249156.670410156,2260.24016079888
340,0509,05,09,Girardot,2,U,CASTILLA,510959.064941406,3665.50556076581
341,1403,14,03,Villa Carlota,5,U,EL POBLADO,957110.829101563,4018.0107923417
342,0911,09,11,Gerona,3,U,BUENOS AIRES,253276.869628906,2282.184715178
343,1618,16,18,Nueva Villa de Aburrá,6,U,BELEN,181048.468261719,2241.73764731696
344,1014,10,14,Las Palmas,3,U,LA CANDELARIA,233621.568847656,2148.63509000028
345,6088,60,88,Suburbano El Llano,7,R,SAN CRISTOBAL,631710.761230469,4188.00109886546
346,0717,07,17,Robledo,2,U,ROBLEDO,488422.493652344,3793.9555016083
347,0308,03,08,Manrique Oriental,1,U,MANRIQUE,398433.748046875,3181.30246402389
348,8006,80,06,El Salado ,8,R,SAN ANTONIO DE PRADO,6686468.80322266,19875.7446079515
349,1609,16,09,La Hondonada,6,U,BELEN,468519.675292969,4033.44714884144
